data_source,supply_head_in,delivery_head_in,no_drive_pipe,drive_pipe_length_in,no_check_valve,check_valve_in,waste_valve_in,temperature_c,friction_factor_in,vol_efficiency_pct,en_efficiency_pct,delivery_flow_gpm
sharma_2020,49,128,1,56,1,1,1,,,5.6,,
sharma_2020,67,128,1,56,1,1,1,,,7.9,,
sharma_2020,67,128,2,56,1,1,1,,,5.3,,
sharma_2020,67,128,2,56,2,1,1,,,5.3,,
sharma_2020,67,128,2,56,1,1,1,,,9.5,,
sharma_2020,67,128,2,56,1,1,0.75,,,6.9,,
sharma_2020,67,128,2,56,2,1,1,,,20.4,53,
sharma_2020,67,128,2,56,2,1,0.75,,,22,,
sharma_2021,49,128,1,56,1,1,0.75,,,5.714285714,15,0.192582026
sharma_2021,49,128,1,56,1,1,0.75,,,8,21,0.238284
sharma_2021,49,128,1,56,1,1,0.75,,,,,
sharma_2021,49,128,1,56,1,1,0.75,,,,,
sharma_2021,49,128,1,56,1,1,0.75,,,,,
sharma_2021,49,128,1,56,1,1,0.75,,,,,
sharma_2022,69,120,2,56,1,1,0.25,,,9.8,17.6,0.105669
sharma_2022,69,120,2,56,1,1,0.5,,,6.9,12.5,0.132086
sharma_2022,69,120,2,56,1,1,0.75,,,21.7,38.9,0.766101
sharma_2022,69,120,2,56,1,1,1,,,13.9,25.1,0.607598
es_sharma_2024,72.44094488,122.0472441,2,56,1,1,0.75,,,11.6,19.5,0.3566323
imece_sharma_2024,67.87007874,122,1,56,1,1,0.75,,,8.4,14.2,0.167309
imece_sharma_2024,67.87007874,122,2,56,1,1,0.75,,,9.2,15.6,0.2289491
imece_sharma_2024,67.87007874,122,3,56,1,1,0.75,,,8.6,14.6,0.233352
imece_sharma_2024,67.87007874,122,4,56,1,1,0.75,,,7.2,12.1,0.2025319
imece_2025,76.75,122.0472441,1,55.90551181,1,2,0.75,16.1,0.932493516,14.20361248,22.57772928,0.274210536
imece_2025,76.75,122,1,55.90551181,1,2,0.75,16.1,0.932493516,14.52991453,23.09641137,0.26945544
imece_2025,76.75,122,1,55.90551181,1,2,0.75,16.1,0.932493516,14.39933026,22.88883768,0.272625504
imece_2025,76.75,122,2,55.90551181,1,2,0.75,16.1,0.581226159,14.63414634,23.26209581,0.28530576
imece_2025,76.75,122,2,55.90551181,1,2,0.75,16.1,0.581226159,14.00394477,22.26034218,0.28134318
imece_2025,76.75,122.0472441,2,55.90551181,1,2,0.75,16.1,0.581226159,14.52648475,23.09095947,0.286890792
imece_2025,76.75,122,3,55.90551181,1,2,0.75,16.1,0.486175182,8.934707904,14.20240214,0.20605416
imece_2025,76.75,122,3,55.90551181,1,2,0.75,16.1,0.486175182,9.446254072,15.01554393,0.22982964
imece_2025,76.75,122,3,55.90551181,1,2,0.75,16.1,0.486175182,10.34482759,16.44389532,0.2377548
imece_2025,76.75,122,4,55.90551181,1,2,0.75,16.1,0.350825604,7.2,11.44495114,0.1783161
imece_2025,76.75,122.0472441,4,55.90551181,1,2,0.75,16.1,0.350825604,8.773291925,13.94581909,0.179108616
imece_2025,76.75,122,4,55.90551181,1,2,0.75,16.1,0.350825604,7.443365696,11.83179954,0.18227868
imece_2025,76.75,122.0472441,1,55.90551181,1,2,0.75,17.9,0.932493516,17.54385965,27.88730785,0.396258
imece_2025,76.75,122,1,55.90551181,1,2,0.75,17.9,0.932493516,18.36734694,29.19630393,0.42795864
imece_2025,76.75,122,1,55.90551181,1,2,0.75,17.9,0.932493516,18.43003413,29.29595002,0.42795864
imece_2025,76.75,122,2,55.90551181,1,2,0.75,17.9,0.581226159,14.47368421,23.00702897,0.34870704
imece_2025,76.75,122,2,55.90551181,1,2,0.75,17.9,0.581226159,14.33278418,22.7830576,0.34474446
imece_2025,76.75,122.0472441,2,55.90551181,1,2,0.75,17.9,0.581226159,14.09618574,22.40696625,0.3368193
imece_2025,76.75,122,3,55.90551181,1,2,0.75,17.9,0.486175182,9.341500766,14.84903053,0.24171738
imece_2025,76.75,122,3,55.90551181,1,2,0.75,17.9,0.486175182,9.145070003,14.5367888,0.243302412
imece_2025,76.75,122,3,55.90551181,1,2,0.75,17.9,0.486175182,9.361069837,14.88013707,0.24964254
imece_2025,76.75,122,4,55.90551181,1,2,0.75,17.9,0.350825604,7.154742097,11.37301024,0.17039094
imece_2025,76.75,122.0472441,4,55.90551181,1,2,0.75,17.9,0.350825604,7.333333333,11.65689468,0.17435352
imece_2025,76.75,122,4,55.90551181,1,2,0.75,17.9,0.350825604,9.495077802,15.09315299,0.236962284
imece_2025,76.75,122,1,55.90551181,1,2,0.75,19.1,0.932493516,18.49529781,29.39969163,0.420825996
imece_2025,76.75,122,1,55.90551181,1,2,0.75,19.1,0.932493516,18.53360489,29.46058367,0.432713736
imece_2025,76.75,122,1,55.90551181,1,2,0.75,19.1,0.932493516,18.32460733,29.12836605,0.4160709
imece_2025,76.75,122,2,55.90551181,1,2,0.75,19.1,0.581226159,16.58391261,26.36139855,0.397050516
imece_2025,76.75,122,2,55.90551181,1,2,0.75,19.1,0.581226159,16.3923634,26.05691641,0.394672968
imece_2025,76.75,122,2,55.90551181,1,2,0.75,19.1,0.581226159,16.61107405,26.40457373,0.394672968
imece_2025,76.75,122,3,55.90551181,1,2,0.75,19.1,0.486175182,9.401709402,14.94473677,0.2179419
imece_2025,76.75,122,3,55.90551181,1,2,0.75,19.1,0.486175182,9.439219784,15.00436239,0.214771836
imece_2025,76.75,122,3,55.90551181,1,2,0.75,19.1,0.486175182,9.729187563,15.46528837,0.230622156
imece_2025,76.75,122,4,55.90551181,1,2,0.75,19.1,0.350825604,7.856450048,12.48842874,0.192581388
imece_2025,76.75,122,4,55.90551181,1,2,0.75,19.1,0.350825604,7.737131758,12.29876319,0.189411324
imece_2025,76.75,122,4,55.90551181,1,2,0.75,19.1,0.350825604,7.766990291,12.34622561,0.19020384
imece_2025,76.75,122,1,55.90551181,1,2,0.75,20,0.932493516,7.236415977,27.3986026,0.379615164
imece_2025,76.75,122,1,55.90551181,1,2,0.75,20,0.932493516,7.314487633,27.52270347,0.38833284
imece_2025,76.75,122,1,55.90551181,1,2,0.75,20,0.932493516,17.44436468,27.72915298,0.385162776
imece_2025,76.75,122,2,55.90551181,1,2,0.75,20,0.581226159,14.59074733,23.19310976,0.32493156
imece_2025,76.75,122,2,55.90551181,1,2,0.75,20,0.581226159,14.43298969,22.94234192,0.33285672
imece_2025,76.75,122,2,55.90551181,1,2,0.75,20,0.581226159,14.52991453,23.09641137,0.3368193
imece_2025,76.75,122,3,55.90551181,1,2,0.75,20,0.486175182,8.9678511,14.25508579,0.21001674
imece_2025,76.75,122,3,55.90551181,1,2,0.75,20,0.486175182,8.701384311,13.83151643,0.209224224
imece_2025,76.75,122,3,55.90551181,1,2,0.75,20,0.486175182,8.55649902,13.60121017,0.207639192
imece_2025,76.75,122,4,55.90551181,1,2,0.75,20,0.350825604,6.360994511,10.11128769,0.156125652
imece_2025,76.75,122,4,55.90551181,1,2,0.75,20,0.350825604,6.25,9.93485342,0.1585032
imece_2025,76.75,122,4,55.90551181,1,2,0.75,20,0.350825604,6.300484653,10.01510264,0.15454062
imece_2025,76.75,122,1,55.90551181,1,2,0.75,27.5,0.932493516,32.57224402,51.77607519,0.723567108
imece_2025,76.75,122,1,55.90551181,1,2,0.75,27.5,0.932493516,30.78202995,48.93039288,0.7330773
imece_2025,76.75,122,1,55.90551181,1,2,0.75,27.5,0.932493516,31.56028369,50.16748677,0.70533924
imece_2025,76.75,122,2,55.90551181,1,2,0.75,27.5,0.581226159,24.56896552,39.05425138,0.45173412
imece_2025,76.75,122,2,55.90551181,1,2,0.75,27.5,0.581226159,21.82410423,34.69108426,0.477887148
imece_2025,76.75,122,2,55.90551181,1,2,0.75,27.5,0.581226159,20.67669173,32.86718425,0.4358838
imece_2025,76.75,122,3,55.90551181,1,2,0.75,27.5,0.486175182,14.96598639,23.78958098,0.34870704
imece_2025,76.75,122,3,55.90551181,1,2,0.75,27.5,0.486175182,13.38582677,21.2777963,0.26945544
imece_2025,76.75,122,3,55.90551181,1,2,0.75,27.5,0.486175182,12.87878788,20.47181917,0.26945544
imece_2025,76.75,122,4,55.90551181,1,2,0.75,27.5,0.350825604,8.171206226,12.98875778,0.16642836
imece_2025,76.75,122,4,55.90551181,1,2,0.75,27.5,0.350825604,7.784431138,12.37394917,0.15454062
imece_2025,76.75,122,4,55.90551181,1,2,0.75,27.5,0.350825604,7.512268781,11.94132627,0.157710684
imece_2025,76.75,122,1,55.90551181,1,2,0.75,27,0.932493516,28.08219178,44.63879345,0.64986312
imece_2025,76.75,122,1,55.90551181,1,2,0.75,27,0.932493516,27.94612795,44.42250957,0.65778828
imece_2025,76.75,122,1,55.90551181,1,2,0.75,27,0.932493516,28.52348993,45.34027064,0.6736386
imece_2025,76.75,122,2,55.90551181,1,2,0.75,27,0.581226159,22.10144928,35.13194543,0.48343476
imece_2025,76.75,122,2,55.90551181,1,2,0.75,27,0.581226159,21.07142857,33.49464867,0.46758444
imece_2025,76.75,122,2,55.90551181,1,2,0.75,27,0.581226159,21.47152458,34.13063191,0.481057212
imece_2025,76.75,122,3,55.90551181,1,2,0.75,27,0.486175182,14.14141414,22.47886026,0.33285672
imece_2025,76.75,122,3,55.90551181,1,2,0.75,27,0.486175182,13.94557823,22.16756409,0.32493156
imece_2025,76.75,122,3,55.90551181,1,2,0.75,27,0.486175182,13.89365352,22.08502578,0.32096898
imece_2025,76.75,122,4,55.90551181,1,2,0.75,27,0.350825604,7.865168539,12.50228745,0.19416642
imece_2025,76.75,122,4,55.90551181,1,2,0.75,27,0.350825604,7.255520505,11.53320523,0.18227868
imece_2025,76.75,122,4,55.90551181,1,2,0.75,27,0.350825604,7.317073171,11.63104791,0.1783161
imece_2025,76.75,122,1,55.90551181,1,2,0.75,19.1,0.932493516,29.05405405,46.18364293,0.68156376
imece_2025,76.75,122,1,55.90551181,1,2,0.75,19.1,0.932493516,29.2358804,46.47266982,0.69741408
imece_2025,76.75,122,1,55.90551181,1,2,0.75,19.1,0.932493516,28.37837838,45.10960472,0.66571344
imece_2025,76.75,122,2,55.90551181,1,2,0.75,19.1,0.581226159,22.49134948,35.75172165,0.5151354
imece_2025,76.75,122,2,55.90551181,1,2,0.75,19.1,0.581226159,22.94034091,36.46542789,0.511965336
imece_2025,76.75,122,2,55.90551181,1,2,0.75,19.1,0.581226159,22.68967997,36.06698315,0.500077596
imece_2025,76.75,122,3,55.90551181,1,2,0.75,19.1,0.486175182,15.22491349,24.20116542,0.34870704
imece_2025,76.75,122,3,55.90551181,1,2,0.75,19.1,0.486175182,14.49814126,23.04590533,0.339989364
imece_2025,76.75,122,3,55.90551181,1,2,0.75,19.1,0.486175182,14.75522081,23.45455296,0.341574396
imece_2025,76.75,122,4,55.90551181,1,2,0.75,19.1,0.350825604,8.575241909,13.63100342,0.203676612
imece_2025,76.75,122,4,55.90551181,1,2,0.75,19.1,0.350825604,8.226810882,13.07714564,0.198921516
imece_2025,76.75,122,4,55.90551181,1,2,0.75,19.1,0.350825604,7.967479675,12.66491883,0.19416642
bhakta_2026,76.75,122,1,55.90551181,1,2,0.75,18.6,0.934168714,17.20662347,27.35124513,0.378822648
bhakta_2026,76.75,122,1,55.90551181,1,2,0.75,18.6,0.934168714,17.56272401,27.9172942,0.38833284
bhakta_2026,76.75,122,1,55.90551181,1,2,0.75,18.6,0.934168714,16.03053435,25.48176144,0.33285672
bhakta_2026,76.75,122,2,55.90551181,1,2,0.75,18.6,0.582232425,15.49295775,24.62724228,0.34870704
bhakta_2026,76.75,122,2,55.90551181,1,2,0.75,18.6,0.582232425,15.30944625,24.33553672,0.37248252
bhakta_2026,76.75,122,2,55.90551181,1,2,0.75,18.6,0.582232425,15.54054054,24.70287877,0.36455736
bhakta_2026,76.75,122,3,55.90551181,1,2,0.75,18.6,0.486891426,15.98915989,25.41599357,0.46758444
bhakta_2026,76.75,122,3,55.90551181,1,2,0.75,18.6,0.486891426,16.4893617,26.21110264,0.49135992
bhakta_2026,76.75,122,3,55.90551181,1,2,0.75,18.6,0.486891426,18.29038341,29.0739645,0.461244312
bhakta_2026,76.75,122,4,55.90551181,1,2,0.75,18.6,0.350825604,8.823529412,14.02567542,0.2377548
bhakta_2026,76.75,122,4,55.90551181,1,2,0.75,18.6,0.350825604,8.823529412,14.02567542,0.2377548
bhakta_2026,76.75,122,4,55.90551181,1,2,0.75,18.6,0.350825604,8.823529412,14.02567542,0.2377548
bhakta_2026,76.75,122,1,55.90551181,1,2,0.75,16.4,0.934168714,14.77272727,23.48238081,0.329686656
bhakta_2026,76.75,122,1,55.90551181,1,2,0.75,16.4,0.934168714,15.82491582,25.15491506,0.37248252
bhakta_2026,76.75,122,1,55.90551181,1,2,0.75,16.4,0.934168714,20.26578073,32.21400976,0.48343476
bhakta_2026,76.75,122,2,55.90551181,1,2,0.75,16.4,0.582232425,18.51851852,29.43660273,0.4755096
bhakta_2026,76.75,122,2,55.90551181,1,2,0.75,16.4,0.582232425,16.81521093,26.72906494,0.448564056
bhakta_2026,76.75,122,2,55.90551181,1,2,0.75,16.4,0.582232425,13.75,21.85667752,0.34870704
bhakta_2026,76.75,122,3,55.90551181,1,2,0.75,16.4,0.486891426,14.66666667,23.31378936,0.4358838
bhakta_2026,76.75,122,3,55.90551181,1,2,0.75,16.4,0.486891426,14.52054795,23.08152247,0.42003348
bhakta_2026,76.75,122,3,55.90551181,1,2,0.75,16.4,0.486891426,15.34391534,24.39032797,0.45965928
bhakta_2026,76.75,122,4,55.90551181,1,2,0.75,16.4,0.350825604,11.35734072,18.05336245,0.32493156
bhakta_2026,76.75,122,4,55.90551181,1,2,0.75,16.4,0.350825604,9.868796349,15.68720723,0.274210536
bhakta_2026,76.75,122,4,55.90551181,1,2,0.75,16.4,0.350825604,8.662345315,13.76946096,0.232999704
bhakta_2026,76.75,122,1,55.90551181,1,2,0.75,17.9,0.934168714,18.14946619,28.8499658,0.40418316
bhakta_2026,76.75,122,1,55.90551181,1,2,0.75,17.9,0.934168714,17.25352113,27.42579254,0.38833284
bhakta_2026,76.75,122,1,55.90551181,1,2,0.75,17.9,0.934168714,16.66666667,26.49294245,0.37248252
bhakta_2026,76.75,122,2,55.90551181,1,2,0.75,17.9,0.582232425,12.43432574,19.76531258,0.28134318
bhakta_2026,76.75,122,2,55.90551181,1,2,0.75,17.9,0.582232425,12.37294076,19.66773646,0.279758148
bhakta_2026,76.75,122,2,55.90551181,1,2,0.75,17.9,0.582232425,12.28070175,19.52111549,0.2773806
bhakta_2026,76.75,122,3,55.90551181,1,2,0.75,17.9,0.486891426,11.35734072,18.05336245,0.32493156
bhakta_2026,76.75,122,3,55.90551181,1,2,0.75,17.9,0.486891426,10.58756741,16.82974885,0.295608468
bhakta_2026,76.75,122,3,55.90551181,1,2,0.75,17.9,0.486891426,10.73919107,17.07076627,0.30511866
bhakta_2026,76.75,122,4,55.90551181,1,2,0.75,17.9,0.350825604,10.80921441,17.18207372,0.290060856
bhakta_2026,76.75,122,4,55.90551181,1,2,0.75,17.9,0.350825604,10.18804378,16.19467546,0.287683308
bhakta_2026,76.75,122,4,55.90551181,1,2,0.75,17.9,0.350825604,10.17096494,16.16752733,0.278173116
bhakta_2026,76.75,122,1,55.90551181,1,2,0.75,26.8,0.934168714,29.05405405,46.18364293,0.68156376
bhakta_2026,76.75,122,1,55.90551181,1,2,0.75,26.8,0.934168714,29.2358804,46.47266982,0.69741408
bhakta_2026,76.75,122,1,55.90551181,1,2,0.75,26.8,0.934168714,28.37837838,45.10960472,0.66571344
bhakta_2026,76.75,122,2,55.90551181,1,2,0.75,26.8,0.582232425,22.49134948,35.75172165,0.5151354
bhakta_2026,76.75,122,2,55.90551181,1,2,0.75,26.8,0.582232425,22.94034091,36.46542789,0.511965336
bhakta_2026,76.75,122,2,55.90551181,1,2,0.75,26.8,0.582232425,22.68967997,36.06698315,0.500077596
bhakta_2026,76.75,122,3,55.90551181,1,2,0.75,26.8,0.486891426,15.22491349,24.20116542,0.34870704
bhakta_2026,76.75,122,3,55.90551181,1,2,0.75,26.8,0.486891426,14.49814126,23.04590533,0.339989364
bhakta_2026,76.75,122,3,55.90551181,1,2,0.75,26.8,0.486891426,14.75522081,23.45455296,0.341574396
bhakta_2026,76.75,122,4,55.90551181,1,2,0.75,26.8,0.350825604,8.575241909,13.63100342,0.203676612
bhakta_2026,76.75,122,4,55.90551181,1,2,0.75,26.8,0.350825604,8.226810882,13.07714564,0.198921516
bhakta_2026,76.75,122,4,55.90551181,1,2,0.75,26.8,0.350825604,7.967479675,12.66491883,0.19416642
